 	Catalog 	Barcode 	Description 	Clone 	Reactivity 	Sequence 	Ensembl Gene Id 	Date Released
	394601	0251	CD298/beta2-microglobulin	LNH-94; 2M2	Human	GTCAACTCTTTAGCG	ENSG00000069849, ENSG00000166710	07/10/2018
	394603	0252	CD298/beta2-microglobulin	LNH-94; 2M2	Human	TGATGGCCTATTGGG	ENSG00000069849, ENSG00000166710	07/10/2018
	394605	0253	CD298/beta2-microglobulin	LNH-94; 2M2	Human	TTCCGCCTCTCTTTG	ENSG00000069849, ENSG00000166710	07/10/2018
	394607	0254	CD298/beta2-microglobulin	LNH-94; 2M2	Human	AGTAAGTTCAGCGTA	ENSG00000069849, ENSG00000166710	07/10/2018
	394609	0255	CD298/beta2-microglobulin	LNH-94; 2M2	Human	AAGTATCGTTTCGCA	ENSG00000069849, ENSG00000166710	07/10/2018
	394611	0256	CD298/beta2-microglobulin	LNH-94; 2M2	Human	GGTTGCCAGATGTCA	ENSG00000069849, ENSG00000166710	07/10/2018
	394613	0257	CD298/beta2-microglobulin	LNH-94; 2M2	Human	TGTCTTTCCTGCCAG	ENSG00000069849, ENSG00000166710	07/10/2018
	394615	0258	CD298/beta2-microglobulin	LNH-94; 2M2	Human	CTCCTCTGCAATTAC	ENSG00000069849, ENSG00000166710	07/10/2018
	394617	0259	CD298/beta2-microglobulin	LNH-94; 2M2	Human	CAGTAGTCACGGTCA	ENSG00000069849, ENSG00000166710	07/10/2018
	394619	0260	CD298/beta2-microglobulin	LNH-94; 2M2	Human	ATTGACCCGCGTTAG	ENSG00000069849, ENSG00000166710	07/10/2018
	394623	0262	CD298/beta2-microglobulin	LNH-94; 2M2	Human	TAACGACCAGCCATA	ENSG00000069849, ENSG00000166710	07/10/2018
	394625	0263	CD298/beta2-microglobulin	LNH-94; 2M2	Human	AAATCTCTCAGGCTC	ENSG00000069849, ENSG00000166710	07/10/2018
	394627	0264	CD298/beta2-microglobulin	LNH-94; 2M2	Human	CTGTATGTCCGATTG	ENSG00000069849, ENSG00000166710	07/10/2018
	394629	0265	CD298/beta2-microglobulin	LNH-94; 2M2	Human	TAAGATTCAGAGCGA	ENSG00000069849, ENSG00000166710	07/10/2018
	394681	0276	CD298/beta2-microglobulin	LNH-94; 2M2	Human	CTCAGTGCATTCTGG	ENSG00000069849, ENSG00000166710	01/13/2022
	155801	0301	H-2/CD45 	M1/42; 30-F11	Mouse	ACCCACCAGTAAGAC	ENSMUSG00000026395	07/10/2018
	155803	0302	H-2/CD45 	M1/42; 30-F11	Mouse	GGTCGAGAGCATTCA	ENSMUSG00000026395	07/10/2018
	155805	0303	H-2/CD45 	M1/42; 30-F11	Mouse	CTTGCCGCATGTCAT	ENSMUSG00000026395	07/10/2018
	155807	0304	H-2/CD45 	M1/42; 30-F11	Mouse	AAAGCATTCTTCACG	ENSMUSG00000026395	07/10/2018
	155809	0305	H-2/CD45 	M1/42; 30-F11	Mouse	CTTTGTCTTTGTGAG	ENSMUSG00000026395	07/10/2018
	155811	0306	H-2/CD45	M1/42; 30-F11	Mouse	TATGCTGCCACGGTA	ENSMUSG00000026395	07/10/2018
	155813	0307	H-2/CD45 	M1/42; 30-F11	Mouse	GAGTCTGCCAGTATC	ENSMUSG00000026395	07/10/2018
	155815	0308	H-2/CD45	M1/42; 30-F11	Mouse	TATAGAACGCCAGGC	ENSMUSG00000026395	07/10/2018
	155817	0309	H-2/CD45	M1/42; 30-F11	Mouse	TGCCTATGAAACAAG	ENSMUSG00000026395	07/10/2018
	155819	0310	H-2/CD45	M1/42; 30-F11	Mouse	CCGATTGTAACAGAC	ENSMUSG00000026395	07/10/2018
	155821	0311	H-2/CD45 	M1/42; 30-F11	Mouse	GCTTACCGAATTAAC	ENSMUSG00000026395	07/10/2018
	155823	0312	H-2/CD45 	M1/42; 30-F11	Mouse	CTGCAAATATAACGG	ENSMUSG00000026395	07/10/2018
	155825	0313	H-2/CD45 	M1/42; 30-F11	Mouse	CTACATTGCGATTTG	ENSMUSG00000026395	07/10/2018
	155827	0314	H-2/CD45	M1/42; 30-F11	Mouse	CTTTCGCCAACTCTG	ENSMUSG00000026395	10/05/2018
	155829	0315	H-2/CD45	M1/42; 30-F11	Mouse	CCCTCTCTGGATTCT	ENSMUSG00000026395	10/15/2018
	682205	0451	Nuclear Pore Complex Proteins	MAb414	Vertebrate, Xenopus, Yeast	TTCCTGCCATTACTA		04/28/2020
	682207	0452	Nuclear Pore Complex Proteins	MAb414	Vertebrate, Xenopus, Yeast	CCGTACCTCATTGTT		04/28/2020
	682209	0453	Nuclear Pore Complex Proteins	MAb414	Vertebrate, Xenopus, Yeast	GGTAGATGTCCTCAG		04/28/2020
	682211	0454	Nuclear Pore Complex Proteins	MAb414	Vertebrate, Xenopus, Yeast	TGGTGTCATTCTTGA		04/28/2020
	682213	0455	Nuclear Pore Complex Proteins	MAb414	Vertebrate, Xenopus, Yeast	ATGATGAACAGCCAG		05/04/2020
	682215	0456	Nuclear Pore Complex Proteins	MAb414	Vertebrate, Xenopus, Yeast	CTCGAACGCTTATCG		04/28/2020
	682217	0457	Nuclear Pore Complex Proteins	MAb414	Vertebrate, Xenopus, Yeast	CTTATCACCGCTCAA		04/28/2020
	682219	0458	Nuclear Pore Complex Proteins	MAb414	Vertebrate, Xenopus, Yeast	TGACGCCGTTGTTGT		04/28/2020
	682221	0459	Nuclear Pore Complex Proteins	MAb414	Vertebrate, Xenopus, Yeast	GCCTAGTATGATCCA		04/28/2020
	682223	0460	Nuclear Pore Complex Proteins	MAb414	Vertebrate, Xenopus, Yeast	AGTCACAGTATTCCA		04/28/2020
	682225	0461	Nuclear Pore Complex Proteins	MAb414	Vertebrate, Xenopus, Yeast	TTGGCCTTTGTATCG		05/04/2020
	682227	0462	Nuclear Pore Complex Proteins	MAb414	Vertebrate, Xenopus, Yeast	AACGCCAGTATGAAC		05/04/2020
	682229	0463	Nuclear Pore Complex Proteins	MAb414	Vertebrate, Xenopus, Yeast	GCTTCCGTATATCTG		05/04/2020
	682231	0464	Nuclear Pore Complex Proteins	MAb414	Vertebrate, Xenopus, Yeast	AGCAACTCACTCTTT		05/04/2020
	682233	0465	Nuclear Pore Complex Proteins	MAb414	Vertebrate, Xenopus, Yeast	CACTAGAGCTTGGAT		05/04/2020